[{"model": "admin.logentry", "pk": 1, "fields": {"action_time": "2021-09-03T06:52:11.179Z", "user": 1, "content_type": 11, "object_id": "1", "object_repr": "Chuyền 1", "action_flag": 1, "change_message": "[{\"added\": {}}]"}}, {"model": "admin.logentry", "pk": 2, "fields": {"action_time": "2021-09-03T06:52:16.622Z", "user": 1, "content_type": 11, "object_id": "2", "object_repr": "Chuyền 2", "action_flag": 1, "change_message": "[{\"added\": {}}]"}}, {"model": "admin.logentry", "pk": 3, "fields": {"action_time": "2021-09-04T11:08:54.358Z", "user": 1, "content_type": 7, "object_id": "1", "object_repr": "Bậc 1", "action_flag": 1, "change_message": "[{\"added\": {}}]"}}, {"model": "admin.logentry", "pk": 4, "fields": {"action_time": "2021-09-04T11:09:06.746Z", "user": 1, "content_type": 7, "object_id": "2", "object_repr": "Bậc 2", "action_flag": 1, "change_message": "[{\"added\": {}}]"}}, {"model": "admin.logentry", "pk": 5, "fields": {"action_time": "2021-09-04T11:09:16.858Z", "user": 1, "content_type": 7, "object_id": "3", "object_repr": "Bậc 3", "action_flag": 1, "change_message": "[{\"added\": {}}]"}}, {"model": "admin.logentry", "pk": 6, "fields": {"action_time": "2021-09-04T11:09:37.430Z", "user": 1, "content_type": 7, "object_id": "4", "object_repr": "Bậc 4", "action_flag": 1, "change_message": "[{\"added\": {}}]"}}, {"model": "admin.logentry", "pk": 7, "fields": {"action_time": "2021-09-04T11:09:54.040Z", "user": 1, "content_type": 7, "object_id": "5", "object_repr": "Bậc 5", "action_flag": 1, "change_message": "[{\"added\": {}}]"}}, {"model": "admin.logentry", "pk": 8, "fields": {"action_time": "2021-09-04T11:10:52.011Z", "user": 1, "content_type": 8, "object_id": "1", "object_repr": "Phòng Điều Hành", "action_flag": 1, "change_message": "[{\"added\": {}}]"}}, {"model": "admin.logentry", "pk": 9, "fields": {"action_time": "2021-09-04T11:10:56.439Z", "user": 1, "content_type": 8, "object_id": "1", "object_repr": "Phòng Điều Hành", "action_flag": 2, "change_message": "[]"}}, {"model": "admin.logentry", "pk": 10, "fields": {"action_time": "2021-09-04T11:11:07.012Z", "user": 1, "content_type": 8, "object_id": "2", "object_repr": "Phòng Cắt", "action_flag": 1, "change_message": "[{\"added\": {}}]"}}, {"model": "admin.logentry", "pk": 11, "fields": {"action_time": "2021-09-04T11:11:24.417Z", "user": 1, "content_type": 8, "object_id": "3", "object_repr": "Phòng Sản Xuất", "action_flag": 1, "change_message": "[{\"added\": {}}]"}}, {"model": "admin.logentry", "pk": 12, "fields": {"action_time": "2021-09-04T11:11:36.700Z", "user": 1, "content_type": 10, "object_id": "1", "object_repr": "Quản Lý", "action_flag": 1, "change_message": "[{\"added\": {}}]"}}, {"model": "admin.logentry", "pk": 13, "fields": {"action_time": "2021-09-04T11:11:43.619Z", "user": 1, "content_type": 10, "object_id": "2", "object_repr": "Kho Quỹ", "action_flag": 1, "change_message": "[{\"added\": {}}]"}}, {"model": "admin.logentry", "pk": 14, "fields": {"action_time": "2021-09-04T11:11:49.589Z", "user": 1, "content_type": 10, "object_id": "3", "object_repr": "KCS", "action_flag": 1, "change_message": "[{\"added\": {}}]"}}, {"model": "admin.logentry", "pk": 15, "fields": {"action_time": "2021-09-04T11:11:58.323Z", "user": 1, "content_type": 10, "object_id": "4", "object_repr": "Tạp Vụ", "action_flag": 1, "change_message": "[{\"added\": {}}]"}}, {"model": "admin.logentry", "pk": 16, "fields": {"action_time": "2021-09-04T11:12:13.396Z", "user": 1, "content_type": 10, "object_id": "5", "object_repr": "Công Nhân", "action_flag": 1, "change_message": "[{\"added\": {}}]"}}, {"model": "admin.logentry", "pk": 17, "fields": {"action_time": "2021-09-04T11:12:20.045Z", "user": 1, "content_type": 10, "object_id": "6", "object_repr": "Thợ Ủi", "action_flag": 1, "change_message": "[{\"added\": {}}]"}}, {"model": "admin.logentry", "pk": 18, "fields": {"action_time": "2021-09-04T11:12:28.586Z", "user": 1, "content_type": 10, "object_id": "7", "object_repr": "Gấp Xếp", "action_flag": 1, "change_message": "[{\"added\": {}}]"}}, {"model": "admin.logentry", "pk": 19, "fields": {"action_time": "2021-09-04T11:12:38.702Z", "user": 1, "content_type": 10, "object_id": "8", "object_repr": "Thợ Cắt", "action_flag": 1, "change_message": "[{\"added\": {}}]"}}, {"model": "admin.logentry", "pk": 20, "fields": {"action_time": "2021-09-04T11:13:00.255Z", "user": 1, "content_type": 10, "object_id": "9", "object_repr": "Phụ Trải", "action_flag": 1, "change_message": "[{\"added\": {}}]"}}, {"model": "admin.logentry", "pk": 21, "fields": {"action_time": "2021-09-04T11:13:08.785Z", "user": 1, "content_type": 9, "object_id": "1", "object_repr": "1K", "action_flag": 1, "change_message": "[{\"added\": {}}]"}}, {"model": "admin.logentry", "pk": 22, "fields": {"action_time": "2021-09-04T11:13:13.909Z", "user": 1, "content_type": 9, "object_id": "2", "object_repr": "VS3C", "action_flag": 1, "change_message": "[{\"added\": {}}]"}}, {"model": "admin.logentry", "pk": 23, "fields": {"action_time": "2021-09-04T11:13:23.348Z", "user": 1, "content_type": 9, "object_id": "3", "object_repr": "VS4C", "action_flag": 1, "change_message": "[{\"added\": {}}]"}}, {"model": "admin.logentry", "pk": 24, "fields": {"action_time": "2021-09-04T11:13:29.468Z", "user": 1, "content_type": 9, "object_id": "4", "object_repr": "VS5C", "action_flag": 1, "change_message": "[{\"added\": {}}]"}}, {"model": "admin.logentry", "pk": 25, "fields": {"action_time": "2021-09-04T11:13:32.442Z", "user": 1, "content_type": 9, "object_id": "5", "object_repr": "BO", "action_flag": 1, "change_message": "[{\"added\": {}}]"}}, {"model": "admin.logentry", "pk": 26, "fields": {"action_time": "2021-09-04T11:13:42.735Z", "user": 1, "content_type": 9, "object_id": "6", "object_repr": "KSAI", "action_flag": 1, "change_message": "[{\"added\": {}}]"}}, {"model": "admin.logentry", "pk": 27, "fields": {"action_time": "2021-09-04T11:13:48.111Z", "user": 1, "content_type": 9, "object_id": "7", "object_repr": "RV", "action_flag": 1, "change_message": "[{\"added\": {}}]"}}, {"model": "admin.logentry", "pk": 28, "fields": {"action_time": "2021-09-04T11:16:12.222Z", "user": 1, "content_type": 9, "object_id": "8", "object_repr": "UI", "action_flag": 1, "change_message": "[{\"added\": {}}]"}}, {"model": "admin.logentry", "pk": 29, "fields": {"action_time": "2021-09-04T11:20:13.782Z", "user": 1, "content_type": 13, "object_id": "2", "object_repr": "Phan Thanh Long", "action_flag": 1, "change_message": "[{\"added\": {}}]"}}, {"model": "admin.logentry", "pk": 30, "fields": {"action_time": "2021-09-04T12:11:07.921Z", "user": 1, "content_type": 13, "object_id": "2", "object_repr": "Phan Thanh Long", "action_flag": 2, "change_message": "update through import_export"}}, {"model": "admin.logentry", "pk": 31, "fields": {"action_time": "2021-09-04T12:11:07.923Z", "user": 1, "content_type": 13, "object_id": "3", "object_repr": "Nguyễn Kim Long", "action_flag": 1, "change_message": "new through import_export"}}, {"model": "admin.logentry", "pk": 32, "fields": {"action_time": "2021-09-04T12:11:07.926Z", "user": 1, "content_type": 13, "object_id": "3", "object_repr": "Nguyễn Thị Phượng", "action_flag": 2, "change_message": "update through import_export"}}, {"model": "admin.logentry", "pk": 33, "fields": {"action_time": "2021-09-04T12:11:07.928Z", "user": 1, "content_type": 13, "object_id": "4", "object_repr": "Nguyễn Thị Hạnh", "action_flag": 1, "change_message": "new through import_export"}}, {"model": "admin.logentry", "pk": 34, "fields": {"action_time": "2021-09-04T12:11:07.930Z", "user": 1, "content_type": 13, "object_id": "4", "object_repr": "Trần Thị Lên", "action_flag": 2, "change_message": "update through import_export"}}, {"model": "admin.logentry", "pk": 35, "fields": {"action_time": "2021-09-04T12:11:07.932Z", "user": 1, "content_type": 13, "object_id": "5", "object_repr": "Đinh Lê Minh Huyền", "action_flag": 1, "change_message": "new through import_export"}}, {"model": "admin.logentry", "pk": 36, "fields": {"action_time": "2021-09-04T12:11:07.934Z", "user": 1, "content_type": 13, "object_id": "5", "object_repr": "Trần Thị Ánh Ly", "action_flag": 2, "change_message": "update through import_export"}}, {"model": "admin.logentry", "pk": 37, "fields": {"action_time": "2021-09-04T12:11:07.935Z", "user": 1, "content_type": 13, "object_id": "6", "object_repr": "Nguyễn Thị Cẩm", "action_flag": 1, "change_message": "new through import_export"}}, {"model": "admin.logentry", "pk": 38, "fields": {"action_time": "2021-09-04T12:11:07.937Z", "user": 1, "content_type": 13, "object_id": "6", "object_repr": "Trương Hoàng Vy", "action_flag": 2, "change_message": "update through import_export"}}, {"model": "admin.logentry", "pk": 39, "fields": {"action_time": "2021-09-04T12:11:07.938Z", "user": 1, "content_type": 13, "object_id": "7", "object_repr": "Nguyễn Thị Thanh Hiền", "action_flag": 1, "change_message": "new through import_export"}}, {"model": "admin.logentry", "pk": 40, "fields": {"action_time": "2021-09-04T12:11:07.939Z", "user": 1, "content_type": 13, "object_id": "7", "object_repr": "Trần Phước Cường", "action_flag": 2, "change_message": "update through import_export"}}, {"model": "admin.logentry", "pk": 41, "fields": {"action_time": "2021-09-04T12:11:07.940Z", "user": 1, "content_type": 13, "object_id": "8", "object_repr": "Tăng Thị Kim Lành", "action_flag": 1, "change_message": "new through import_export"}}, {"model": "admin.logentry", "pk": 42, "fields": {"action_time": "2021-09-04T12:11:07.942Z", "user": 1, "content_type": 13, "object_id": "8", "object_repr": "Lê Thị Thủy", "action_flag": 2, "change_message": "update through import_export"}}, {"model": "admin.logentry", "pk": 43, "fields": {"action_time": "2021-09-04T12:11:07.943Z", "user": 1, "content_type": 13, "object_id": "9", "object_repr": "Nguyễn Thị Đợi", "action_flag": 1, "change_message": "new through import_export"}}, {"model": "admin.logentry", "pk": 44, "fields": {"action_time": "2021-09-04T12:11:07.944Z", "user": 1, "content_type": 13, "object_id": "9", "object_repr": "Hoàng Thị Thu Thủy", "action_flag": 2, "change_message": "update through import_export"}}, {"model": "admin.logentry", "pk": 45, "fields": {"action_time": "2021-09-04T12:11:07.946Z", "user": 1, "content_type": 13, "object_id": "10", "object_repr": "Nguyễn Quang Hùng", "action_flag": 1, "change_message": "new through import_export"}}, {"model": "admin.logentry", "pk": 46, "fields": {"action_time": "2021-09-04T12:11:07.948Z", "user": 1, "content_type": 13, "object_id": "10", "object_repr": "Nguyễn Thị Xuân", "action_flag": 2, "change_message": "update through import_export"}}, {"model": "admin.logentry", "pk": 47, "fields": {"action_time": "2021-09-04T12:11:07.950Z", "user": 1, "content_type": 13, "object_id": "11", "object_repr": "Lê Thị Hường", "action_flag": 1, "change_message": "new through import_export"}}, {"model": "admin.logentry", "pk": 48, "fields": {"action_time": "2021-09-04T12:11:07.951Z", "user": 1, "content_type": 13, "object_id": "11", "object_repr": "Nguyễn Thị Thu Đông", "action_flag": 2, "change_message": "update through import_export"}}, {"model": "admin.logentry", "pk": 49, "fields": {"action_time": "2021-09-04T12:11:07.952Z", "user": 1, "content_type": 13, "object_id": "12", "object_repr": "Lương Thị Hạnh", "action_flag": 1, "change_message": "new through import_export"}}, {"model": "admin.logentry", "pk": 50, "fields": {"action_time": "2021-09-04T12:11:07.954Z", "user": 1, "content_type": 13, "object_id": "12", "object_repr": "Lê Thị Thiên Trân", "action_flag": 2, "change_message": "update through import_export"}}, {"model": "admin.logentry", "pk": 51, "fields": {"action_time": "2021-09-04T12:11:07.955Z", "user": 1, "content_type": 13, "object_id": "13", "object_repr": "Phan Đức Đình", "action_flag": 1, "change_message": "new through import_export"}}, {"model": "admin.logentry", "pk": 52, "fields": {"action_time": "2021-09-04T12:11:07.956Z", "user": 1, "content_type": 13, "object_id": "13", "object_repr": "Nguyễn Thị Cẩm (B)", "action_flag": 2, "change_message": "update through import_export"}}, {"model": "admin.logentry", "pk": 53, "fields": {"action_time": "2021-09-04T12:11:07.958Z", "user": 1, "content_type": 13, "object_id": "14", "object_repr": "Nguyễn Hữu Phương", "action_flag": 1, "change_message": "new through import_export"}}, {"model": "admin.logentry", "pk": 54, "fields": {"action_time": "2021-09-04T12:11:07.960Z", "user": 1, "content_type": 13, "object_id": "14", "object_repr": "Nguyễn Thị Tường Vy", "action_flag": 2, "change_message": "update through import_export"}}, {"model": "admin.logentry", "pk": 55, "fields": {"action_time": "2021-09-04T12:11:07.963Z", "user": 1, "content_type": 13, "object_id": "15", "object_repr": "Nguyễn Kim Phượng", "action_flag": 1, "change_message": "new through import_export"}}, {"model": "admin.logentry", "pk": 56, "fields": {"action_time": "2021-09-04T12:11:07.965Z", "user": 1, "content_type": 13, "object_id": "15", "object_repr": "Ngô Thị Xuân", "action_flag": 2, "change_message": "update through import_export"}}, {"model": "admin.logentry", "pk": 57, "fields": {"action_time": "2021-09-04T12:11:07.966Z", "user": 1, "content_type": 13, "object_id": "16", "object_repr": "Trần Diệu Thanh (Ni)", "action_flag": 1, "change_message": "new through import_export"}}, {"model": "admin.logentry", "pk": 58, "fields": {"action_time": "2021-09-04T12:11:07.969Z", "user": 1, "content_type": 13, "object_id": "16", "object_repr": "Tạp vụ", "action_flag": 2, "change_message": "update through import_export"}}, {"model": "admin.logentry", "pk": 59, "fields": {"action_time": "2021-09-04T16:33:21.879Z", "user": 1, "content_type": 9, "object_id": "9", "object_repr": "TP", "action_flag": 1, "change_message": "[{\"added\": {}}]"}}, {"model": "admin.logentry", "pk": 60, "fields": {"action_time": "2021-09-04T16:33:31.509Z", "user": 1, "content_type": 14, "object_id": "1", "object_repr": "Xả + phà thun", "action_flag": 1, "change_message": "[{\"added\": {}}]"}}, {"model": "admin.logentry", "pk": 61, "fields": {"action_time": "2021-09-04T17:49:50.002Z", "user": 1, "content_type": 14, "object_id": "1", "object_repr": "Xả + phà thun", "action_flag": 2, "change_message": "update through import_export"}}, {"model": "admin.logentry", "pk": 62, "fields": {"action_time": "2021-09-04T17:49:50.006Z", "user": 1, "content_type": 14, "object_id": "2", "object_repr": "Lấy dấu thun + cắt thun", "action_flag": 1, "change_message": "new through import_export"}}, {"model": "admin.logentry", "pk": 63, "fields": {"action_time": "2021-09-04T17:49:50.008Z", "user": 1, "content_type": 14, "object_id": "2", "object_repr": "Tháo rời lưng", "action_flag": 2, "change_message": "update through import_export"}}, {"model": "admin.logentry", "pk": 64, "fields": {"action_time": "2021-09-04T17:49:50.014Z", "user": 1, "content_type": 14, "object_id": "3", "object_repr": "May nẹp túi trước", "action_flag": 1, "change_message": "new through import_export"}}, {"model": "admin.logentry", "pk": 65, "fields": {"action_time": "2021-09-04T17:49:50.015Z", "user": 1, "content_type": 14, "object_id": "3", "object_repr": "ráp đáy thân trước", "action_flag": 2, "change_message": "update through import_export"}}, {"model": "admin.logentry", "pk": 66, "fields": {"action_time": "2021-09-04T17:49:50.019Z", "user": 1, "content_type": 14, "object_id": "4", "object_repr": "Lược nhãn", "action_flag": 1, "change_message": "new through import_export"}}, {"model": "admin.logentry", "pk": 67, "fields": {"action_time": "2021-09-04T17:49:50.022Z", "user": 1, "content_type": 14, "object_id": "4", "object_repr": "gấp xếp bỏ bao + dán nhản bao + phân size", "action_flag": 2, "change_message": "update through import_export"}}, {"model": "admin.logentry", "pk": 68, "fields": {"action_time": "2021-09-04T17:49:50.025Z", "user": 1, "content_type": 14, "object_id": "5", "object_repr": "Gài nút", "action_flag": 1, "change_message": "new through import_export"}}, {"model": "admin.logentry", "pk": 69, "fields": {"action_time": "2021-09-04T17:49:50.027Z", "user": 1, "content_type": 14, "object_id": "5", "object_repr": "Lộn Quần", "action_flag": 2, "change_message": "update through import_export"}}, {"model": "admin.logentry", "pk": 70, "fields": {"action_time": "2021-09-04T17:49:50.029Z", "user": 1, "content_type": 14, "object_id": "6", "object_repr": "Gắn dây treo trước * 2", "action_flag": 1, "change_message": "new through import_export"}}, {"model": "admin.logentry", "pk": 71, "fields": {"action_time": "2021-09-04T17:49:50.031Z", "user": 1, "content_type": 14, "object_id": "6", "object_repr": "vs đăp túi trước", "action_flag": 2, "change_message": "update through import_export"}}, {"model": "admin.logentry", "pk": 72, "fields": {"action_time": "2021-09-04T17:49:50.032Z", "user": 1, "content_type": 14, "object_id": "7", "object_repr": "VS nẹp túi trước", "action_flag": 1, "change_message": "new through import_export"}}, {"model": "admin.logentry", "pk": 73, "fields": {"action_time": "2021-09-04T17:49:50.033Z", "user": 1, "content_type": 14, "object_id": "7", "object_repr": "Mí miệng túi trước 4mm", "action_flag": 2, "change_message": "update through import_export"}}, {"model": "admin.logentry", "pk": 74, "fields": {"action_time": "2021-09-04T17:49:50.034Z", "user": 1, "content_type": 14, "object_id": "8", "object_repr": "VS bao túi trước", "action_flag": 1, "change_message": "new through import_export"}}, {"model": "admin.logentry", "pk": 75, "fields": {"action_time": "2021-09-04T17:49:50.035Z", "user": 1, "content_type": 14, "object_id": "8", "object_repr": "VS Đáy thân trước", "action_flag": 2, "change_message": "update through import_export"}}, {"model": "admin.logentry", "pk": 76, "fields": {"action_time": "2021-09-04T17:49:50.036Z", "user": 1, "content_type": 14, "object_id": "9", "object_repr": "Đặt rập quay baget giả Thân Trước", "action_flag": 1, "change_message": "new through import_export"}}, {"model": "admin.logentry", "pk": 77, "fields": {"action_time": "2021-09-04T17:49:50.039Z", "user": 1, "content_type": 14, "object_id": "9", "object_repr": "May lộn bas lưng", "action_flag": 2, "change_message": "update through import_export"}}, {"model": "admin.logentry", "pk": 78, "fields": {"action_time": "2021-09-04T17:49:50.042Z", "user": 1, "content_type": 14, "object_id": "10", "object_repr": "gọt lộn bas lưng + cắt bas lưng", "action_flag": 1, "change_message": "new through import_export"}}, {"model": "admin.logentry", "pk": 79, "fields": {"action_time": "2021-09-04T17:49:50.044Z", "user": 1, "content_type": 14, "object_id": "10", "object_repr": "Nối Bas Lưng", "action_flag": 2, "change_message": "update through import_export"}}, {"model": "admin.logentry", "pk": 80, "fields": {"action_time": "2021-09-04T17:49:50.046Z", "user": 1, "content_type": 14, "object_id": "11", "object_repr": "Tháo Bas Lưng", "action_flag": 1, "change_message": "new through import_export"}}, {"model": "admin.logentry", "pk": 81, "fields": {"action_time": "2021-09-04T17:49:50.047Z", "user": 1, "content_type": 14, "object_id": "11", "object_repr": "Ủi keo cả lưng", "action_flag": 2, "change_message": "update through import_export"}}, {"model": "admin.logentry", "pk": 82, "fields": {"action_time": "2021-09-04T17:49:50.049Z", "user": 1, "content_type": 14, "object_id": "12", "object_repr": "Nối lưng trước + gắn khoen", "action_flag": 1, "change_message": "new through import_export"}}, {"model": "admin.logentry", "pk": 83, "fields": {"action_time": "2021-09-04T17:49:50.049Z", "user": 1, "content_type": 14, "object_id": "12", "object_repr": "Chốt thun lưng", "action_flag": 2, "change_message": "update through import_export"}}, {"model": "admin.logentry", "pk": 84, "fields": {"action_time": "2021-09-04T17:49:50.051Z", "user": 1, "content_type": 14, "object_id": "13", "object_repr": "Mí lưng trước", "action_flag": 1, "change_message": "new through import_export"}}, {"model": "admin.logentry", "pk": 85, "fields": {"action_time": "2021-09-04T17:49:50.061Z", "user": 1, "content_type": 14, "object_id": "13", "object_repr": "Kansai lưng sau", "action_flag": 2, "change_message": "update through import_export"}}, {"model": "admin.logentry", "pk": 86, "fields": {"action_time": "2021-09-04T17:49:50.065Z", "user": 1, "content_type": 14, "object_id": "14", "object_repr": "chốt kansai lưng", "action_flag": 1, "change_message": "new through import_export"}}, {"model": "admin.logentry", "pk": 87, "fields": {"action_time": "2021-09-04T17:49:50.066Z", "user": 1, "content_type": 14, "object_id": "14", "object_repr": "May Lai TP *2", "action_flag": 2, "change_message": "update through import_export"}}, {"model": "admin.logentry", "pk": 88, "fields": {"action_time": "2021-09-04T17:49:50.067Z", "user": 1, "content_type": 14, "object_id": "15", "object_repr": "Vệ sinh công nghiệp", "action_flag": 1, "change_message": "new through import_export"}}, {"model": "admin.logentry", "pk": 89, "fields": {"action_time": "2021-09-04T17:49:50.068Z", "user": 1, "content_type": 14, "object_id": "15", "object_repr": "Gắn nhãn Basel", "action_flag": 2, "change_message": "update through import_export"}}, {"model": "admin.logentry", "pk": 90, "fields": {"action_time": "2021-09-04T17:49:50.069Z", "user": 1, "content_type": 14, "object_id": "16", "object_repr": "Tháo chỉ lược", "action_flag": 1, "change_message": "new through import_export"}}, {"model": "admin.logentry", "pk": 91, "fields": {"action_time": "2021-09-04T18:00:30.577Z", "user": 1, "content_type": 12, "object_id": "2", "object_repr": "PAUL-LUANN", "action_flag": 1, "change_message": "[{\"added\": {}}]"}}, {"model": "admin.logentry", "pk": 92, "fields": {"action_time": "2021-09-05T10:16:49.194Z", "user": 1, "content_type": 12, "object_id": "2", "object_repr": "PAUL-LUANN", "action_flag": 2, "change_message": "[{\"changed\": {\"fields\": [\"CongDoan\"]}}]"}}, {"model": "admin.logentry", "pk": 93, "fields": {"action_time": "2021-09-08T16:06:20.481Z", "user": 2, "content_type": 15, "object_id": "1", "object_repr": "GanCongDoan object (1)", "action_flag": 3, "change_message": ""}}, {"model": "admin.logentry", "pk": 94, "fields": {"action_time": "2021-09-08T16:07:13.905Z", "user": 2, "content_type": 15, "object_id": "2", "object_repr": "GanCongDoan object (2)", "action_flag": 3, "change_message": ""}}, {"model": "admin.logentry", "pk": 95, "fields": {"action_time": "2021-09-08T16:37:14.650Z", "user": 2, "content_type": 15, "object_id": "4", "object_repr": "PAUL-LUANN sanxuat.CongDoan.None", "action_flag": 2, "change_message": "[{\"changed\": {\"fields\": [\"CongDoan\"]}}]"}}, {"model": "admin.logentry", "pk": 96, "fields": {"action_time": "2021-09-08T17:16:44.520Z", "user": 2, "content_type": 13, "object_id": "15", "object_repr": "Ngô Thị Xuân", "action_flag": 2, "change_message": "[{\"changed\": {\"fields\": [\"Thu\\u1ed9c Chuy\\u1ec1n\"]}}]"}}, {"model": "admin.logentry", "pk": 97, "fields": {"action_time": "2021-09-08T17:16:54.061Z", "user": 2, "content_type": 13, "object_id": "4", "object_repr": "Trần Thị Lên", "action_flag": 2, "change_message": "[{\"changed\": {\"fields\": [\"Thu\\u1ed9c Chuy\\u1ec1n\"]}}]"}}, {"model": "admin.logentry", "pk": 98, "fields": {"action_time": "2021-09-18T16:46:11.752Z", "user": 2, "content_type": 13, "object_id": "13", "object_repr": "Nguyễn Thị Cẩm (B)", "action_flag": 2, "change_message": "[{\"changed\": {\"fields\": [\"B\\u1eadc Th\\u1ee3\"]}}]"}}, {"model": "auth.permission", "pk": 1, "fields": {"name": "Can add log entry", "content_type": 1, "codename": "add_logentry"}}, {"model": "auth.permission", "pk": 2, "fields": {"name": "Can change log entry", "content_type": 1, "codename": "change_logentry"}}, {"model": "auth.permission", "pk": 3, "fields": {"name": "Can delete log entry", "content_type": 1, "codename": "delete_logentry"}}, {"model": "auth.permission", "pk": 4, "fields": {"name": "Can view log entry", "content_type": 1, "codename": "view_logentry"}}, {"model": "auth.permission", "pk": 5, "fields": {"name": "Can add permission", "content_type": 2, "codename": "add_permission"}}, {"model": "auth.permission", "pk": 6, "fields": {"name": "Can change permission", "content_type": 2, "codename": "change_permission"}}, {"model": "auth.permission", "pk": 7, "fields": {"name": "Can delete permission", "content_type": 2, "codename": "delete_permission"}}, {"model": "auth.permission", "pk": 8, "fields": {"name": "Can view permission", "content_type": 2, "codename": "view_permission"}}, {"model": "auth.permission", "pk": 9, "fields": {"name": "Can add group", "content_type": 3, "codename": "add_group"}}, {"model": "auth.permission", "pk": 10, "fields": {"name": "Can change group", "content_type": 3, "codename": "change_group"}}, {"model": "auth.permission", "pk": 11, "fields": {"name": "Can delete group", "content_type": 3, "codename": "delete_group"}}, {"model": "auth.permission", "pk": 12, "fields": {"name": "Can view group", "content_type": 3, "codename": "view_group"}}, {"model": "auth.permission", "pk": 13, "fields": {"name": "Can add user", "content_type": 4, "codename": "add_user"}}, {"model": "auth.permission", "pk": 14, "fields": {"name": "Can change user", "content_type": 4, "codename": "change_user"}}, {"model": "auth.permission", "pk": 15, "fields": {"name": "Can delete user", "content_type": 4, "codename": "delete_user"}}, {"model": "auth.permission", "pk": 16, "fields": {"name": "Can view user", "content_type": 4, "codename": "view_user"}}, {"model": "auth.permission", "pk": 17, "fields": {"name": "Can add content type", "content_type": 5, "codename": "add_contenttype"}}, {"model": "auth.permission", "pk": 18, "fields": {"name": "Can change content type", "content_type": 5, "codename": "change_contenttype"}}, {"model": "auth.permission", "pk": 19, "fields": {"name": "Can delete content type", "content_type": 5, "codename": "delete_contenttype"}}, {"model": "auth.permission", "pk": 20, "fields": {"name": "Can view content type", "content_type": 5, "codename": "view_contenttype"}}, {"model": "auth.permission", "pk": 21, "fields": {"name": "Can add session", "content_type": 6, "codename": "add_session"}}, {"model": "auth.permission", "pk": 22, "fields": {"name": "Can change session", "content_type": 6, "codename": "change_session"}}, {"model": "auth.permission", "pk": 23, "fields": {"name": "Can delete session", "content_type": 6, "codename": "delete_session"}}, {"model": "auth.permission", "pk": 24, "fields": {"name": "Can view session", "content_type": 6, "codename": "view_session"}}, {"model": "auth.permission", "pk": 25, "fields": {"name": "Can add bactho", "content_type": 7, "codename": "add_bactho"}}, {"model": "auth.permission", "pk": 26, "fields": {"name": "Can change bactho", "content_type": 7, "codename": "change_bactho"}}, {"model": "auth.permission", "pk": 27, "fields": {"name": "Can delete bactho", "content_type": 7, "codename": "delete_bactho"}}, {"model": "auth.permission", "pk": 28, "fields": {"name": "Can view bactho", "content_type": 7, "codename": "view_bactho"}}, {"model": "auth.permission", "pk": 29, "fields": {"name": "Can add phongban", "content_type": 8, "codename": "add_phongban"}}, {"model": "auth.permission", "pk": 30, "fields": {"name": "Can change phongban", "content_type": 8, "codename": "change_phongban"}}, {"model": "auth.permission", "pk": 31, "fields": {"name": "Can delete phongban", "content_type": 8, "codename": "delete_phongban"}}, {"model": "auth.permission", "pk": 32, "fields": {"name": "Can view phongban", "content_type": 8, "codename": "view_phongban"}}, {"model": "auth.permission", "pk": 33, "fields": {"name": "Can add thietbi", "content_type": 9, "codename": "add_thietbi"}}, {"model": "auth.permission", "pk": 34, "fields": {"name": "Can change thietbi", "content_type": 9, "codename": "change_thietbi"}}, {"model": "auth.permission", "pk": 35, "fields": {"name": "Can delete thietbi", "content_type": 9, "codename": "delete_thietbi"}}, {"model": "auth.permission", "pk": 36, "fields": {"name": "Can view thietbi", "content_type": 9, "codename": "view_thietbi"}}, {"model": "auth.permission", "pk": 37, "fields": {"name": "Can add chucvu", "content_type": 10, "codename": "add_chucvu"}}, {"model": "auth.permission", "pk": 38, "fields": {"name": "Can change chucvu", "content_type": 10, "codename": "change_chucvu"}}, {"model": "auth.permission", "pk": 39, "fields": {"name": "Can delete chucvu", "content_type": 10, "codename": "delete_chucvu"}}, {"model": "auth.permission", "pk": 40, "fields": {"name": "Can view chucvu", "content_type": 10, "codename": "view_chucvu"}}, {"model": "auth.permission", "pk": 41, "fields": {"name": "Can add chuyen", "content_type": 11, "codename": "add_chuyen"}}, {"model": "auth.permission", "pk": 42, "fields": {"name": "Can change chuyen", "content_type": 11, "codename": "change_chuyen"}}, {"model": "auth.permission", "pk": 43, "fields": {"name": "Can delete chuyen", "content_type": 11, "codename": "delete_chuyen"}}, {"model": "auth.permission", "pk": 44, "fields": {"name": "Can view chuyen", "content_type": 11, "codename": "view_chuyen"}}, {"model": "auth.permission", "pk": 45, "fields": {"name": "Can add san pham", "content_type": 12, "codename": "add_sanpham"}}, {"model": "auth.permission", "pk": 46, "fields": {"name": "Can change san pham", "content_type": 12, "codename": "change_sanpham"}}, {"model": "auth.permission", "pk": 47, "fields": {"name": "Can delete san pham", "content_type": 12, "codename": "delete_sanpham"}}, {"model": "auth.permission", "pk": 48, "fields": {"name": "Can view san pham", "content_type": 12, "codename": "view_sanpham"}}, {"model": "auth.permission", "pk": 49, "fields": {"name": "Can add nhan vien", "content_type": 13, "codename": "add_nhanvien"}}, {"model": "auth.permission", "pk": 50, "fields": {"name": "Can change nhan vien", "content_type": 13, "codename": "change_nhanvien"}}, {"model": "auth.permission", "pk": 51, "fields": {"name": "Can delete nhan vien", "content_type": 13, "codename": "delete_nhanvien"}}, {"model": "auth.permission", "pk": 52, "fields": {"name": "Can view nhan vien", "content_type": 13, "codename": "view_nhanvien"}}, {"model": "auth.permission", "pk": 53, "fields": {"name": "Can add cong doan", "content_type": 14, "codename": "add_congdoan"}}, {"model": "auth.permission", "pk": 54, "fields": {"name": "Can change cong doan", "content_type": 14, "codename": "change_congdoan"}}, {"model": "auth.permission", "pk": 55, "fields": {"name": "Can delete cong doan", "content_type": 14, "codename": "delete_congdoan"}}, {"model": "auth.permission", "pk": 56, "fields": {"name": "Can view cong doan", "content_type": 14, "codename": "view_congdoan"}}, {"model": "auth.permission", "pk": 57, "fields": {"name": "Can add gan cong doan", "content_type": 15, "codename": "add_gancongdoan"}}, {"model": "auth.permission", "pk": 58, "fields": {"name": "Can change gan cong doan", "content_type": 15, "codename": "change_gancongdoan"}}, {"model": "auth.permission", "pk": 59, "fields": {"name": "Can delete gan cong doan", "content_type": 15, "codename": "delete_gancongdoan"}}, {"model": "auth.permission", "pk": 60, "fields": {"name": "Can view gan cong doan", "content_type": 15, "codename": "view_gancongdoan"}}, {"model": "auth.user", "pk": 1, "fields": {"password": "pbkdf2_sha256$260000$nWzIUwMbi67wePw4NyR9qo$FretcaZNgK3t8uS5D/PeYCFliFQJ9eZRm3QBkPwtyRk=", "last_login": "2021-09-05T05:25:38.478Z", "is_superuser": true, "username": "long", "first_name": "", "last_name": "", "email": "", "is_staff": true, "is_active": true, "date_joined": "2021-09-03T06:45:32.556Z", "groups": [], "user_permissions": []}}, {"model": "auth.user", "pk": 2, "fields": {"password": "pbkdf2_sha256$260000$BD2XFFuYsfOk7Ns5Atkvkw$zbcO9iQvS0xpl0rTpE0IH3xh7g8IkQjqlaYXN/zb1q8=", "last_login": "2021-09-05T11:49:41.851Z", "is_superuser": true, "username": "admin", "first_name": "", "last_name": "", "email": "", "is_staff": true, "is_active": true, "date_joined": "2021-09-05T11:49:29.156Z", "groups": [], "user_permissions": []}}, {"model": "contenttypes.contenttype", "pk": 1, "fields": {"app_label": "admin", "model": "logentry"}}, {"model": "contenttypes.contenttype", "pk": 2, "fields": {"app_label": "auth", "model": "permission"}}, {"model": "contenttypes.contenttype", "pk": 3, "fields": {"app_label": "auth", "model": "group"}}, {"model": "contenttypes.contenttype", "pk": 4, "fields": {"app_label": "auth", "model": "user"}}, {"model": "contenttypes.contenttype", "pk": 5, "fields": {"app_label": "contenttypes", "model": "contenttype"}}, {"model": "contenttypes.contenttype", "pk": 6, "fields": {"app_label": "sessions", "model": "session"}}, {"model": "contenttypes.contenttype", "pk": 7, "fields": {"app_label": "cauhinh", "model": "bactho"}}, {"model": "contenttypes.contenttype", "pk": 8, "fields": {"app_label": "cauhinh", "model": "phongban"}}, {"model": "contenttypes.contenttype", "pk": 9, "fields": {"app_label": "cauhinh", "model": "thietbi"}}, {"model": "contenttypes.contenttype", "pk": 10, "fields": {"app_label": "cauhinh", "model": "chucvu"}}, {"model": "contenttypes.contenttype", "pk": 11, "fields": {"app_label": "sanxuat", "model": "chuyen"}}, {"model": "contenttypes.contenttype", "pk": 12, "fields": {"app_label": "sanxuat", "model": "sanpham"}}, {"model": "contenttypes.contenttype", "pk": 13, "fields": {"app_label": "sanxuat", "model": "nhanvien"}}, {"model": "contenttypes.contenttype", "pk": 14, "fields": {"app_label": "sanxuat", "model": "congdoan"}}, {"model": "contenttypes.contenttype", "pk": 15, "fields": {"app_label": "QuyTrinhSanXuat", "model": "gancongdoan"}}, {"model": "sessions.session", "pk": "3k81sdi6pszlm4wbiu35p6qkuamkod4f", "fields": {"session_data": ".eJxVjMsOwiAQRf-FtSE8hgIu3fsNZIBBqgaS0q6M_65NutDtPefcFwu4rTVsg5YwZ3Zmkp1-t4jpQW0H-Y7t1nnqbV3myHeFH3Twa8_0vBzu30HFUb-1lxMpS9kZ6ZUElQw4EclqAC8mKCRA2OR0wWQJlFGiSPQ-mZJRmKjZ-wO1bDcS:1mM2xO:VeyxCquneKYsgZtXpuGDeGUrYiUQ3es_JDtMy_PFrYM", "expire_date": "2021-09-17T06:45:46.937Z"}}, {"model": "sessions.session", "pk": "aqhron6ddbe9aiimx61bjvy9jozj3lhp", "fields": {"session_data": ".eJxVjMsOwiAQRf-FtSE8hgIu3fsNZIBBqgaS0q6M_65NutDtPefcFwu4rTVsg5YwZ3Zmkp1-t4jpQW0H-Y7t1nnqbV3myHeFH3Twa8_0vBzu30HFUb-1lxMpS9kZ6ZUElQw4EclqAC8mKCRA2OR0wWQJlFGiSPQ-mZJRmKjZ-wO1bDcS:1mMSiu:unx-Fzb4g5BaCljBA0bWuYlV0Mx2SZ8QdDOmRKp2OcI", "expire_date": "2021-09-18T10:16:32.049Z"}}, {"model": "sessions.session", "pk": "chgefgine50opaljgndu4gwp5dpea69f", "fields": {"session_data": ".eJxVjMsOwiAQRf-FtSE8hgIu3fsNZIBBqgaS0q6M_65NutDtPefcFwu4rTVsg5YwZ3Zmkp1-t4jpQW0H-Y7t1nnqbV3myHeFH3Twa8_0vBzu30HFUb-1lxMpS9kZ6ZUElQw4EclqAC8mKCRA2OR0wWQJlFGiSPQ-mZJRmKjZ-wO1bDcS:1mMTW8:yvYmfzS1Tv-Fn8HZrLIpJY8JmKUPldA0YKx8fk9bXzU", "expire_date": "2021-09-18T11:07:24.155Z"}}, {"model": "sessions.session", "pk": "mbw1fmduyw790kmxriiw6qovsppsk2dn", "fields": {"session_data": ".eJxVjMsOwiAQRf-FtSE8hgIu3fsNZIBBqgaS0q6M_65NutDtPefcFwu4rTVsg5YwZ3Zmkp1-t4jpQW0H-Y7t1nnqbV3myHeFH3Twa8_0vBzu30HFUb-1lxMpS9kZ6ZUElQw4EclqAC8mKCRA2OR0wWQJlFGiSPQ-mZJRmKjZ-wO1bDcS:1mMQJu:lliLgm4H1iowS_z8Y7Hfk-w1m3qtvkhASghP74hQ0I0", "expire_date": "2021-09-18T07:42:34.222Z"}}, {"model": "sessions.session", "pk": "twox7g2muvothwvgwarz6w5461pzd270", "fields": {"session_data": ".eJxVjDsOwjAQRO_iGln24k9MSZ8zWLvrDQmgRIqTCnF3sJQCminmvZmXyrhvY96rrHkq6qJAnX47Qn7I3EC543xbNC_ztk6km6IPWnW_FHleD_fvYMQ6ftcD4cDOdgItDHcxMCGCBSP-nMjDEEMAl6AYhyLeW0qYgHyMzM6p9wfuAzfL:1mMqeb:0DOiLclPRY92EyvYjy6RMlZkR2sckWkfapgDQx3MUDM", "expire_date": "2021-09-19T11:49:41.856Z"}}, {"model": "sessions.session", "pk": "xwx9cxkkid8yampoa97k3pnhe0637kyc", "fields": {"session_data": ".eJxVjMsOwiAQRf-FtSE8hgIu3fsNZIBBqgaS0q6M_65NutDtPefcFwu4rTVsg5YwZ3Zmkp1-t4jpQW0H-Y7t1nnqbV3myHeFH3Twa8_0vBzu30HFUb-1lxMpS9kZ6ZUElQw4EclqAC8mKCRA2OR0wWQJlFGiSPQ-mZJRmKjZ-wO1bDcS:1mMOjU:IvvD0L05XTfRiA5OZC2YAujK0UJhLB7EEz-4NXGIiJs", "expire_date": "2021-09-18T06:00:52.102Z"}}, {"model": "cauhinh.bactho", "pk": 1, "fields": {"tenbactho": "Bậc 1", "dongia": "5.00", "LuongTamTinh": "4300000"}}, {"model": "cauhinh.bactho", "pk": 2, "fields": {"tenbactho": "Bậc 2", "dongia": "5.50", "LuongTamTinh": "4700000"}}, {"model": "cauhinh.bactho", "pk": 3, "fields": {"tenbactho": "Bậc 3", "dongia": "6.00", "LuongTamTinh": "5100000"}}, {"model": "cauhinh.bactho", "pk": 4, "fields": {"tenbactho": "Bậc 4", "dongia": "6.50", "LuongTamTinh": "5500000"}}, {"model": "cauhinh.bactho", "pk": 5, "fields": {"tenbactho": "Bậc 5", "dongia": "7.00", "LuongTamTinh": "5900000"}}, {"model": "cauhinh.phongban", "pk": 1, "fields": {"tenphongban": "Phòng Điều Hành", "diengiai": "Dành cho các chức danh: Quản Lý, KCS, Kho Quỹ, Tạp Vụ"}}, {"model": "cauhinh.phongban", "pk": 2, "fields": {"tenphongban": "Phòng Cắt", "diengiai": "Dành cho: Thợ Cắt"}}, {"model": "cauhinh.phongban", "pk": 3, "fields": {"tenphongban": "Phòng Sản Xuất", "diengiai": "Dành cho: Công Nhân"}}, {"model": "cauhinh.chucvu", "pk": 1, "fields": {"tenchucvu": "Quản Lý", "tenphongban": 1}}, {"model": "cauhinh.chucvu", "pk": 2, "fields": {"tenchucvu": "Kho Quỹ", "tenphongban": 1}}, {"model": "cauhinh.chucvu", "pk": 3, "fields": {"tenchucvu": "KCS", "tenphongban": 1}}, {"model": "cauhinh.chucvu", "pk": 4, "fields": {"tenchucvu": "Tạp Vụ", "tenphongban": 1}}, {"model": "cauhinh.chucvu", "pk": 5, "fields": {"tenchucvu": "Công Nhân", "tenphongban": 3}}, {"model": "cauhinh.chucvu", "pk": 6, "fields": {"tenchucvu": "Thợ Ủi", "tenphongban": 3}}, {"model": "cauhinh.chucvu", "pk": 7, "fields": {"tenchucvu": "Gấp Xếp", "tenphongban": 3}}, {"model": "cauhinh.chucvu", "pk": 8, "fields": {"tenchucvu": "Thợ Cắt", "tenphongban": 2}}, {"model": "cauhinh.chucvu", "pk": 9, "fields": {"tenchucvu": "Phụ Trải", "tenphongban": 2}}, {"model": "cauhinh.thietbi", "pk": 1, "fields": {"tenthietbi": "1K", "soluong": 10}}, {"model": "cauhinh.thietbi", "pk": 2, "fields": {"tenthietbi": "VS3C", "soluong": 5}}, {"model": "cauhinh.thietbi", "pk": 3, "fields": {"tenthietbi": "VS4C", "soluong": 5}}, {"model": "cauhinh.thietbi", "pk": 4, "fields": {"tenthietbi": "VS5C", "soluong": 5}}, {"model": "cauhinh.thietbi", "pk": 5, "fields": {"tenthietbi": "BO", "soluong": 1}}, {"model": "cauhinh.thietbi", "pk": 6, "fields": {"tenthietbi": "KSAI", "soluong": 1}}, {"model": "cauhinh.thietbi", "pk": 7, "fields": {"tenthietbi": "RV", "soluong": 2}}, {"model": "cauhinh.thietbi", "pk": 8, "fields": {"tenthietbi": "UI", "soluong": 2}}, {"model": "cauhinh.thietbi", "pk": 9, "fields": {"tenthietbi": "TP", "soluong": 2}}, {"model": "sanxuat.congdoan", "pk": 1, "fields": {"TenCongDoan": "Xả + phà thun", "NhomCongDoan": "CB", "ThoiGianHoanThanh": "5.00", "ThietBi": 9, "BacTho": 1, "DonGia": "25.00"}}, {"model": "sanxuat.congdoan", "pk": 2, "fields": {"TenCongDoan": "Tháo rời lưng", "NhomCongDoan": "SX", "ThoiGianHoanThanh": "20.00", "ThietBi": 9, "BacTho": 1, "DonGia": "100.00"}}, {"model": "sanxuat.congdoan", "pk": 3, "fields": {"TenCongDoan": "ráp đáy thân trước", "NhomCongDoan": "SX", "ThoiGianHoanThanh": "18.00", "ThietBi": 9, "BacTho": 1, "DonGia": "90.00"}}, {"model": "sanxuat.congdoan", "pk": 4, "fields": {"TenCongDoan": "gấp xếp bỏ bao + dán nhản bao + phân size", "NhomCongDoan": "HT", "ThoiGianHoanThanh": "45.00", "ThietBi": 9, "BacTho": 1, "DonGia": "225.00"}}, {"model": "sanxuat.congdoan", "pk": 5, "fields": {"TenCongDoan": "Lộn Quần", "NhomCongDoan": "SX", "ThoiGianHoanThanh": "10.00", "ThietBi": 9, "BacTho": 1, "DonGia": "50.00"}}, {"model": "sanxuat.congdoan", "pk": 6, "fields": {"TenCongDoan": "vs đăp túi trước", "NhomCongDoan": "SX", "ThoiGianHoanThanh": "17.00", "ThietBi": 1, "BacTho": 3, "DonGia": "102.00"}}, {"model": "sanxuat.congdoan", "pk": 7, "fields": {"TenCongDoan": "Mí miệng túi trước 4mm", "NhomCongDoan": "SX", "ThoiGianHoanThanh": "49.00", "ThietBi": 1, "BacTho": 3, "DonGia": "294.00"}}, {"model": "sanxuat.congdoan", "pk": 8, "fields": {"TenCongDoan": "VS Đáy thân trước", "NhomCongDoan": "SX", "ThoiGianHoanThanh": "31.00", "ThietBi": 1, "BacTho": 4, "DonGia": "201.50"}}, {"model": "sanxuat.congdoan", "pk": 9, "fields": {"TenCongDoan": "May lộn bas lưng", "NhomCongDoan": "SX", "ThoiGianHoanThanh": "50.00", "ThietBi": 1, "BacTho": 3, "DonGia": "300.00"}}, {"model": "sanxuat.congdoan", "pk": 10, "fields": {"TenCongDoan": "Nối Bas Lưng", "NhomCongDoan": "SX", "ThoiGianHoanThanh": "17.00", "ThietBi": 1, "BacTho": 3, "DonGia": "102.00"}}, {"model": "sanxuat.congdoan", "pk": 11, "fields": {"TenCongDoan": "Ủi keo cả lưng", "NhomCongDoan": "SX", "ThoiGianHoanThanh": "15.00", "ThietBi": 1, "BacTho": 4, "DonGia": "97.50"}}, {"model": "sanxuat.congdoan", "pk": 12, "fields": {"TenCongDoan": "Chốt thun lưng", "NhomCongDoan": "SX", "ThoiGianHoanThanh": "40.00", "ThietBi": 1, "BacTho": 3, "DonGia": "240.00"}}, {"model": "sanxuat.congdoan", "pk": 13, "fields": {"TenCongDoan": "Kansai lưng sau", "NhomCongDoan": "SX", "ThoiGianHoanThanh": "83.00", "ThietBi": 1, "BacTho": 3, "DonGia": "498.00"}}, {"model": "sanxuat.congdoan", "pk": 14, "fields": {"TenCongDoan": "May Lai TP *2", "NhomCongDoan": "SX", "ThoiGianHoanThanh": "54.00", "ThietBi": 1, "BacTho": 4, "DonGia": "351.00"}}, {"model": "sanxuat.congdoan", "pk": 15, "fields": {"TenCongDoan": "Gắn nhãn Basel", "NhomCongDoan": "SX", "ThoiGianHoanThanh": "15.00", "ThietBi": 1, "BacTho": 4, "DonGia": "97.50"}}, {"model": "sanxuat.congdoan", "pk": 16, "fields": {"TenCongDoan": "Tháo chỉ lược", "NhomCongDoan": "SX", "ThoiGianHoanThanh": "17.00", "ThietBi": 1, "BacTho": 3, "DonGia": "102.00"}}, {"model": "sanxuat.chuyen", "pk": 1, "fields": {"TenChuyen": "Chuyền 1"}}, {"model": "sanxuat.chuyen", "pk": 2, "fields": {"TenChuyen": "Chuyền 2"}}, {"model": "sanxuat.nhanvien", "pk": 2, "fields": {"TenNhanVien": "Phan Thanh Long", "BacTho": null, "SoDienThoai": "0911102222", "NgaySinh": "1986-09-13", "DiaChi": "100000", "ChucDanh": 1, "MayUT1": 1, "TenChuyen": null, "TinhTrang": "BT"}}, {"model": "sanxuat.nhanvien", "pk": 3, "fields": {"TenNhanVien": "Nguyễn Thị Phượng", "BacTho": null, "SoDienThoai": "0911102224", "NgaySinh": null, "DiaChi": "100000", "ChucDanh": 1, "MayUT1": 1, "TenChuyen": null, "TinhTrang": "BT"}}, {"model": "sanxuat.nhanvien", "pk": 4, "fields": {"TenNhanVien": "Trần Thị Lên", "BacTho": null, "SoDienThoai": "0911102226", "NgaySinh": null, "DiaChi": "100000", "ChucDanh": 1, "MayUT1": 1, "TenChuyen": 1, "TinhTrang": "BT"}}, {"model": "sanxuat.nhanvien", "pk": 5, "fields": {"TenNhanVien": "Trần Thị Ánh Ly", "BacTho": null, "SoDienThoai": "0911102228", "NgaySinh": null, "DiaChi": "100000", "ChucDanh": 1, "MayUT1": 1, "TenChuyen": null, "TinhTrang": "BT"}}, {"model": "sanxuat.nhanvien", "pk": 6, "fields": {"TenNhanVien": "Trương Hoàng Vy", "BacTho": null, "SoDienThoai": "0911102230", "NgaySinh": null, "DiaChi": "100000", "ChucDanh": 1, "MayUT1": 1, "TenChuyen": null, "TinhTrang": "BT"}}, {"model": "sanxuat.nhanvien", "pk": 7, "fields": {"TenNhanVien": "Trần Phước Cường", "BacTho": null, "SoDienThoai": "0911102232", "NgaySinh": null, "DiaChi": "100000", "ChucDanh": 1, "MayUT1": 1, "TenChuyen": null, "TinhTrang": "BT"}}, {"model": "sanxuat.nhanvien", "pk": 8, "fields": {"TenNhanVien": "Lê Thị Thủy", "BacTho": null, "SoDienThoai": "0911102234", "NgaySinh": null, "DiaChi": "100000", "ChucDanh": 1, "MayUT1": 1, "TenChuyen": null, "TinhTrang": "BT"}}, {"model": "sanxuat.nhanvien", "pk": 9, "fields": {"TenNhanVien": "Hoàng Thị Thu Thủy", "BacTho": null, "SoDienThoai": "0911102236", "NgaySinh": null, "DiaChi": "100000", "ChucDanh": 1, "MayUT1": 1, "TenChuyen": null, "TinhTrang": "BT"}}, {"model": "sanxuat.nhanvien", "pk": 10, "fields": {"TenNhanVien": "Nguyễn Thị Xuân", "BacTho": null, "SoDienThoai": "0911102238", "NgaySinh": null, "DiaChi": "100000", "ChucDanh": 1, "MayUT1": 1, "TenChuyen": null, "TinhTrang": "BT"}}, {"model": "sanxuat.nhanvien", "pk": 11, "fields": {"TenNhanVien": "Nguyễn Thị Thu Đông", "BacTho": null, "SoDienThoai": "0911102240", "NgaySinh": null, "DiaChi": "100000", "ChucDanh": 1, "MayUT1": 1, "TenChuyen": null, "TinhTrang": "BT"}}, {"model": "sanxuat.nhanvien", "pk": 12, "fields": {"TenNhanVien": "Lê Thị Thiên Trân", "BacTho": null, "SoDienThoai": "0911102242", "NgaySinh": null, "DiaChi": "100000", "ChucDanh": 1, "MayUT1": 1, "TenChuyen": null, "TinhTrang": "BT"}}, {"model": "sanxuat.nhanvien", "pk": 13, "fields": {"TenNhanVien": "Nguyễn Thị Cẩm (B)", "BacTho": 2, "SoDienThoai": "0911102244", "NgaySinh": null, "DiaChi": "100000", "ChucDanh": 1, "MayUT1": 1, "TenChuyen": null, "TinhTrang": "BT"}}, {"model": "sanxuat.nhanvien", "pk": 14, "fields": {"TenNhanVien": "Nguyễn Thị Tường Vy", "BacTho": null, "SoDienThoai": "0911102246", "NgaySinh": null, "DiaChi": "100000", "ChucDanh": 1, "MayUT1": 1, "TenChuyen": null, "TinhTrang": "BT"}}, {"model": "sanxuat.nhanvien", "pk": 15, "fields": {"TenNhanVien": "Ngô Thị Xuân", "BacTho": null, "SoDienThoai": "0911102248", "NgaySinh": null, "DiaChi": "100000", "ChucDanh": 1, "MayUT1": 1, "TenChuyen": 1, "TinhTrang": "BT"}}, {"model": "sanxuat.nhanvien", "pk": 16, "fields": {"TenNhanVien": "Tạp vụ", "BacTho": null, "SoDienThoai": "0911102250", "NgaySinh": null, "DiaChi": "100000", "ChucDanh": 1, "MayUT1": 1, "TenChuyen": null, "TinhTrang": "BT"}}, {"model": "sanxuat.sanpham", "pk": 2, "fields": {"MaSanPham": "PAUL-LUANN", "TenSanPham": "QUẦN LUANN", "SoLuong": 3947, "DonGia": 27000.0, "NgayDongBo": "2021-09-04", "NgayGiaoHang": "2021-09-30", "ChuyenThucHien": 1, "DienGiai": "Thực hiện sớm", "CongDoan": [1, 2, 3, 4]}}, {"model": "QuyTrinhSanXuat.gancongdoan", "pk": 3, "fields": {"TenSanPham": 2, "CongDoan": [2]}}, {"model": "QuyTrinhSanXuat.gancongdoan", "pk": 4, "fields": {"TenSanPham": 2, "CongDoan": [1, 2, 3]}}, {"model": "QuyTrinhSanXuat.gancongdoan", "pk": 5, "fields": {"TenSanPham": 2, "CongDoan": [6]}}, {"model": "QuyTrinhSanXuat.gancongdoan", "pk": 6, "fields": {"TenSanPham": 2, "CongDoan": [3]}}, {"model": "QuyTrinhSanXuat.gancongdoan", "pk": 7, "fields": {"TenSanPham": 2, "CongDoan": [8]}}, {"model": "QuyTrinhSanXuat.gancongdoan", "pk": 8, "fields": {"TenSanPham": 2, "CongDoan": [3]}}, {"model": "QuyTrinhSanXuat.gancongdoan", "pk": 9, "fields": {"TenSanPham": 2, "CongDoan": [8]}}, {"model": "QuyTrinhSanXuat.gancongdoan", "pk": 10, "fields": {"TenSanPham": 2, "CongDoan": [4]}}]